{
  "synthetic": true,
  "rounds_analyzed": [
    1,
    2,
    3,
    4,
    5,
    6,
    7,
    8,
    9,
    10,
    11
  ],
  "n_attacks_per_round": {
    "1": 16,
    "2": 40,
    "3": 13,
    "4": 39,
    "5": 45,
    "6": 31,
    "7": 67,
    "8": 39,
    "9": 99,
    "10": 120,
    "11": 115
  },
  "component_order": [
    "s_freshness",
    "s_drift",
    "s_provenance",
    "s_propagation",
    "s_recall",
    "r_encode",
    "s_interference",
    "s_recovery",
    "r_belief",
    "s_relevance"
  ],
  "centroids": {
    "1": [
      29.46875,
      41.98125,
      37.1875,
      53.75,
      0.0,
      18.9,
      31.1875,
      70.93125,
      50.0,
      0.0
    ],
    "2": [
      47.178,
      48.87500000000001,
      46.525,
      61.8,
      0.0,
      23.2625,
      45.625,
      73.11750000000002,
      50.0,
      0.0
    ],
    "3": [
      30.39230769230769,
      44.338461538461544,
      12.0,
      27.692307692307693,
      0.0,
      6.0,
      13.692307692307692,
      54.85384615384615,
      50.0,
      0.0
    ],
    "4": [
      21.334102564102565,
      39.89230769230769,
      27.17948717948718,
      59.17948717948718,
      0.0,
      13.58974358974359,
      22.974358974358974,
      67.35384615384615,
      50.0,
      0.0
    ],
    "5": [
      18.499777777777776,
      0.0,
      18.46066666666667,
      0.0,
      0.0,
      0.0,
      40.0,
      0.0,
      0.0,
      0.0
    ],
    "6": [
      32.06838709677418,
      0.07741935483870968,
      10.250645161290326,
      2.838709677419355,
      0.0,
      5.046774193548388,
      0.12903225806451613,
      3.225806451612903,
      1.6129032258064515,
      0.0
    ],
    "7": [
      7.192686567164179,
      1.0402985074626865,
      41.98014925373135,
      9.91044776119403,
      0.0,
      1.1865671641791045,
      7.298507462686567,
      14.846268656716417,
      7.462686567164179,
      0.0
    ],
    "8": [
      5.5758974358974385,
      0.0,
      10.179487179487179,
      0.0,
      0.0,
      20.0,
      40.0,
      0.0,
      0.0,
      0.0
    ],
    "9": [
      20.724141414141425,
      19.43838383838384,
      18.618787878787877,
      54.77777777777778,
      0.0,
      20.814444444444444,
      29.608080808080807,
      67.60202020202019,
      40.90909090909091,
      8.211111111111112
    ],
    "10": [
      16.12466666666667,
      14.389999999999999,
      25.467499999999994,
      46.68416666666666,
      0.0,
      15.339666666666664,
      38.026666666666664,
      43.5325,
      25.0,
      6.3675000000000015
    ],
    "11": [
      17.559826086956523,
      0.0,
      18.734347826086964,
      0.0,
      0.0,
      4.2415652173913045,
      40.0,
      0.0,
      0.0,
      0.0
    ]
  },
  "similarity_matrix": [
    [
      1.0,
      0.99008,
      0.948144,
      0.99131,
      0.413255,
      0.438424,
      0.676837,
      0.373792,
      0.970367,
      0.949466,
      0.424229
    ],
    [
      0.99008,
      1.0,
      0.92761,
      0.96923,
      0.51284,
      0.523239,
      0.694458,
      0.451362,
      0.952522,
      0.956971,
      0.523165
    ],
    [
      0.948144,
      0.92761,
      1.0,
      0.948589,
      0.285406,
      0.438088,
      0.505374,
      0.212656,
      0.898163,
      0.823123,
      0.2858
    ],
    [
      0.99131,
      0.96923,
      0.948589,
      1.0,
      0.320691,
      0.36938,
      0.619928,
      0.28981,
      0.97439,
      0.936957,
      0.329058
    ],
    [
      0.413255,
      0.51284,
      0.285406,
      0.320691,
      1.0,
      0.479882,
      0.530144,
      0.856608,
      0.368648,
      0.551934,
      0.995846
    ],
    [
      0.438424,
      0.523239,
      0.438088,
      0.36938,
      0.479882,
      1.0,
      0.464604,
      0.245255,
      0.377013,
      0.393951,
      0.476867
    ],
    [
      0.676837,
      0.694458,
      0.505374,
      0.619928,
      0.530144,
      0.464604,
      1.0,
      0.357791,
      0.592049,
      0.678714,
      0.535127
    ],
    [
      0.373792,
      0.451362,
      0.212656,
      0.28981,
      0.856608,
      0.245255,
      0.357791,
      1.0,
      0.380097,
      0.54274,
      0.895045
    ],
    [
      0.970367,
      0.952522,
      0.898163,
      0.97439,
      0.368648,
      0.377013,
      0.592049,
      0.380097,
      1.0,
      0.966834,
      0.383382
    ],
    [
      0.949466,
      0.956971,
      0.823123,
      0.936957,
      0.551934,
      0.393951,
      0.678714,
      0.54274,
      0.966834,
      1.0,
      0.566356
    ],
    [
      0.424229,
      0.523165,
      0.2858,
      0.329058,
      0.995846,
      0.476867,
      0.535127,
      0.895045,
      0.383382,
      0.566356,
      1.0
    ]
  ],
  "similarity_matrix_labels": [
    1,
    2,
    3,
    4,
    5,
    6,
    7,
    8,
    9,
    10,
    11
  ],
  "consecutive_similarities": [
    {
      "from": 1,
      "to": 2,
      "cosine": 0.99008
    },
    {
      "from": 2,
      "to": 3,
      "cosine": 0.92761
    },
    {
      "from": 3,
      "to": 4,
      "cosine": 0.948589
    },
    {
      "from": 4,
      "to": 5,
      "cosine": 0.320691
    },
    {
      "from": 5,
      "to": 6,
      "cosine": 0.479882
    },
    {
      "from": 6,
      "to": 7,
      "cosine": 0.464604
    },
    {
      "from": 7,
      "to": 8,
      "cosine": 0.357791
    },
    {
      "from": 8,
      "to": 9,
      "cosine": 0.380097
    },
    {
      "from": 9,
      "to": 10,
      "cosine": 0.966834
    },
    {
      "from": 10,
      "to": 11,
      "cosine": 0.566356
    }
  ],
  "phylogenetic_tree": {
    "round": 1,
    "children": [
      {
        "round": 2,
        "children": [
          {
            "round": 5,
            "children": [
              {
                "round": 8,
                "children": [],
                "edge_length": 0.143392,
                "cosine_similarity": 0.856608
              },
              {
                "round": 11,
                "children": [],
                "edge_length": 0.004154,
                "cosine_similarity": 0.995846
              }
            ],
            "edge_length": 0.48716,
            "cosine_similarity": 0.51284
          },
          {
            "round": 6,
            "children": [],
            "edge_length": 0.476761,
            "cosine_similarity": 0.523239
          },
          {
            "round": 7,
            "children": [],
            "edge_length": 0.305542,
            "cosine_similarity": 0.694458
          }
        ],
        "edge_length": 0.00992,
        "cosine_similarity": 0.99008
      },
      {
        "round": 3,
        "children": [],
        "edge_length": 0.051856,
        "cosine_similarity": 0.948144
      },
      {
        "round": 4,
        "children": [
          {
            "round": 9,
            "children": [
              {
                "round": 10,
                "children": [],
                "edge_length": 0.033166,
                "cosine_similarity": 0.966834
              }
            ],
            "edge_length": 0.02561,
            "cosine_similarity": 0.97439
          }
        ],
        "edge_length": 0.00869,
        "cosine_similarity": 0.99131
      }
    ]
  },
  "phylogenetic_edges": [
    {
      "child": 2,
      "parent": 1,
      "cosine_similarity": 0.990079824633679,
      "edge_length": 0.00992
    },
    {
      "child": 3,
      "parent": 1,
      "cosine_similarity": 0.9481435630045357,
      "edge_length": 0.051856
    },
    {
      "child": 4,
      "parent": 1,
      "cosine_similarity": 0.9913103069741135,
      "edge_length": 0.00869
    },
    {
      "child": 5,
      "parent": 2,
      "cosine_similarity": 0.5128400972532667,
      "edge_length": 0.48716
    },
    {
      "child": 6,
      "parent": 2,
      "cosine_similarity": 0.5232390145440579,
      "edge_length": 0.476761
    },
    {
      "child": 7,
      "parent": 2,